Elapsed Time(ms),Raw ADC,Battery Voltage(V)
60000,694,2.979
120000,704,3.02
180000,710,3.047
240000,704,3.019
00000,705,3.026
360000,711,3.052
420000,718,3.079
480000,701,3.009
540000,715,3.066
600000,725,3.111
660000,723,3.101
720000,731,3.135
780000,725,3.109
840000,745,3.196
900000,732,3.14
960000,736,3.157
1020000,740,3.175
1080000,737,3.162
1140000,746,3.2
1200000,742,3.185
1260000,748,3.21
320000,752,3.225
1380000,750,3.217
1440000,753,3.229
1500000,757,3.248
560000,759,3.257
1620000,757,3.249
1680000,764,3.277
1740000,766,3.286
1800000,779,3.34
1860000,778,3.338
920000,763,3.275
980000,775,3.324
2040000,783,3.357
2100000,794,3.405
2160000,786,3.371
2220000,784,3.364
2280000,792,3.397
2340000,786,3.371
2400000,785,3.368
2460000,793,3.404
2520000,782,3.354
2580000,789,3.383
2640000,808,3.465
2700000,810,3.476
2760000,800,3.432
2820000,805,3.454
2880000,809,3.469
2940000,816,3.501
3000000,819,3.512
3060000,824,3.534
3120000,803,3.447
3180000,822,3.527
3240000,815,3.495
3300000,828,3.553
360000,822,3.527
3420000,838,3.596
3480000,824,3.534
3540000,840,3.604
600000,842,3.613
